Scenario,Total Cost (M€),Total Demand (TWh),Renewable Share (%),CO2 Emissions (kt),Curtailment (GWh),Wind (GWh),Solar (GWh),Gas (GWh),Storage Utilization (%)
baseline,1669.9898385485183,0.36256168864306265,22.353698686838417,99.065260833,4.3899513002543246e-08,34.34439460789999,47.14141084369,283.04360238,36.16322029769346
high_renewable,2740.7759308369123,0.36256168864306265,40.68484446619098,76.44,150.5749797263113,0.0,149.80269294500002,218.4,30.24210244443204
